{
  "$schema": "https://schema.management.azure.com/schemas/2015-01-01/deploymentTemplate.json#",
  "contentVersion": "1.0.0.0",
  "parameters": {
    "location": {
      "type": "string"
    },
    "publicIpAddressResourceId": {
      "type": "string"
    },
    "subnetRef": {
      "type": "string"
    },
    "puppetMasterVmName": {
      "type": "string"
    },
    "vmSize": {
      "type": "string"
    },
    "adminUserName": {
      "type": "string"
    },
    "adminPassword": {
      "type": "securestring"
    },
    "consolePassword": {
      "type": "securestring"
    },
    "sshPublicKey": {
      "type": "securestring"
    },
    "storageAccountName": {
      "type": "string"
    },
    "fqdn": {
      "type": "string"
    },
    "templateBaseUrl": {
      "type": "string"
    }
  },
  "variables": {
    "imagePublisher": "Puppet",
    "imageOffer": "Puppet-Enterprise",
    "imageSku": "2016-1",
    "OSDiskName": "osdisk1",
    "nicName": "puppetmasterNic",
    "vmStorageAccountContainerName": "vhds",
    "customData": "[concat('#!/bin/bash\n\ncat <<EOF >/tmp/puppet_override.answers\n','azure_externalFQDN=',parameters('fqdn'),'\n','azure_internalFQDN=$(hostname -f)\n\nq_puppet_enterpriseconsole_auth_password=',parameters('consolePassword'),'\nq_database_host=\\${azure_externalFQDN}\nq_puppet_enterpriseconsole_master_hostname=\\${azure_externalFQDN}\nq_puppet_enterpriseconsole_smtp_host=\\${azure_externalFQDN}\nq_puppetagent_certname=\\${azure_externalFQDN}\nq_puppetmaster_dnsaltnames=puppet,$(hostname),\\${azure_internalFQDN},\\${azure_externalFQDN}\nq_puppetagent_server=\\${azure_externalFQDN}\nq_puppetdb_hostname=\\${azure_externalFQDN}\nq_puppetmaster_certname=\\${azure_externalFQDN}\nEOF\nchmod +x /tmp/puppet_override.answers\n')]",
    "fileUri":"[concat(parameters('templateBaseUrl'),'/wait.sh')]"
  },
  "resources": [
    {
      "apiVersion": "2016-03-30",
      "type": "Microsoft.Network/networkInterfaces",
      "name": "[variables('nicName')]",
      "location": "[parameters('location')]",
      "properties": {
        "ipConfigurations": [
          {
            "name": "ipconfig1",
            "properties": {
              "privateIPAllocationMethod": "Dynamic",
              "publicIPAddress": {
                "id": "[parameters('publicIpAddressResourceId')]"
              },
              "subnet": {
                "id": "[parameters('subnetRef')]"
              }
            }
          }
        ]
      }
    },
    {
      "apiVersion": "2016-03-30",
      "type": "Microsoft.Compute/virtualMachines",
      "name": "[parameters('puppetMasterVmName')]",
      "location": "[parameters('location')]",
      "dependsOn": [
        "[concat('Microsoft.Network/networkInterfaces/', variables('nicName'))]"
      ],
      "plan": {
        "name": "2016-1",
        "product": "puppet-enterprise",
        "publisher": "puppet"
      },
      "properties": {
        "hardwareProfile": {
          "vmSize": "[parameters('vmSize')]"
        },
        "osProfile": {
          "computername": "[parameters('puppetMasterVmName')]",
          "adminUsername": "[parameters('adminUserName')]",
          "adminPassword": "[parameters('adminPassword')]",
          "customData": "[base64(variables('customData'))]"
        },
        "storageProfile": {
          "imageReference": {
            "publisher": "[variables('imagePublisher')]",
            "offer": "[variables('imageOffer')]",
            "sku": "[variables('imageSku')]",
            "version": "latest"
          },
          "osDisk": {
            "name": "osdisk",
            "vhd": {
              "uri": "[concat('http://',parameters('storageAccountName'),'.blob.core.windows.net/',variables('vmStorageAccountContainerName'),'/',variables('OSDiskName'),'.vhd')]"
            },
            "caching": "ReadWrite",
            "createOption": "FromImage"
          }
        },
        "networkProfile": {
          "networkInterfaces": [
            {
              "id": "[resourceId('Microsoft.Network/networkInterfaces',variables('nicName'))]"
            }
          ]
        },
        "diagnosticsProfile": {
          "bootDiagnostics": {
            "enabled": "true",
            "storageUri": "[concat('http://',parameters('storageAccountName'),'2.blob.core.windows.net')]"
          }
        }
      }
    },
    {
        "type": "Microsoft.Compute/virtualMachines/extensions",
        "name": "[concat(parameters('puppetMasterVmName'),'/CustomScriptExtension')]",
        "apiVersion": "2016-03-30",
        "location": "[parameters('location')]",
        "dependsOn": [
            "[concat('Microsoft.Compute/virtualMachines/', parameters('puppetMasterVmName'))]"
        ],
        "properties": {
           "publisher": "Microsoft.OSTCExtensions",
           "type": "CustomScriptForLinux",
           "typeHandlerVersion": "1.3",
           "autoUpgradeMinorVersion" : "true",
           "settings": {
              "commandToExecute": "#!/bin/bash\nwhile :\ndo\n\tcurl -k -s https://localhost:8140/status/v1/services | python -c 'import json,sys;obj=json.load(sys.stdin);sys.exit(0) if (obj[\"pe-master\"][\"state\"] == \"running\") else sys.exit(1);'\nif [[ $? == 0 ]]; then\n\texit\nfi\nsleep 5\ndone"
           }
       }
    }
  ],
  "outputs": {}
}
