{
  "$schema": "https://schema.management.azure.com/schemas/2015-01-01/deploymentTemplate.json#",
  "contentVersion": "1.0.0.0",
  "parameters": {
    "location": {
      "type":"string",
      "metadata":{
        "description":"Location of deployment"
      }
    },
    "puppetMasterVmName": {
      "type":"string",
      "defaultValue": "puppetmaster",
      "metadata":{
        "description":"VM Name"
      }
    },
    "vmSize": {
      "type":"string",
      "metadata":{
        "description":"VM Size"
      }
    },
    "adminUsername": {
      "type":"string",
      "defaultValue": "puppetAdmin",
      "metadata":{
        "description":"Admin user name"
      }
    },
    "adminPassword": {
      "type":"securestring",
      "defaultValue": "",
      "metadata":{
        "description":"Admin password"
      }
    },
    "consolePassword": {
      "type":"securestring",
      "metadata":{
        "description":"Console password"
      }
    },
    "sshPublicKey": {
      "type":"securestring",
      "defaultValue": "",
      "metadata":{
        "description":"SSH key"
      }
    },
    "authenticationType": {
      "type":"string",
      "metadata":{
        "description":"Authentication Type"
      }
    },
    "virtualNetworkName": {
      "type":"string",
      "defaultValue": "vnet01",
      "metadata":{
        "description":"Virtual Network Name"
      }
    },
    "virtualNetworkResourceGroup": {
      "type":"string",
      "defaultValue":"",
      "metadata":{
        "description":"Virtual Network Resource Group"
      }
    },
    "virtualNetworkAddressPrefix": {
      "type":"string",
      "defaultValue": "10.0.0.0/16",
      "metadata":{
        "description":"Virtual Network Address Prefix"
      }
    },
    "virtualNetworkNewOrExisting": {
      "type":"string",
      "defaultValue": "new",
      "metadata":{
        "description":"Virtual Network New Or Existing"
      }
    },
    "virtualNetworkSubnetName": {
      "type":"string",
      "defaultValue": "subnet01",
      "metadata":{
        "description":"Virtual Network subnet name"
      }
    },
    "virtualNetworkSubnetAddressPrefix": {
      "type":"string",
      "defaultValue": "10.0.0.0/24",
      "metadata":{
        "description":"Virtual Network subnet address prefix"
      }
    },
    "publicIPAddressName": {
      "type":"string",
      "defaultValue": "pip01",
      "metadata":{
        "description":"Public IP Address Name"
      }
    },
    "publicIPAddressResourceGroup": {
      "type":"string",
      "defaultValue":"",
      "metadata":{
        "description":"Public IP Address Resource Group"
      }
    },
    "publicIPAddressDomainNameLabel": {
      "type":"string",
      "metadata":{
        "description":"Public IP Address Domain Name Label"
      }
    },
    "publicIPAddressNewOrExisting": {
      "type":"string",
      "metadata":{
        "description":"Public IP Address New or Existing"
      }
    },
    "storageAccountName": {
      "type":"string",
      "metadata":{
        "description":"Storage Acccount Name"
      }
    },
    "storageAccountType": {
      "type":"string",
      "metadata":{
        "description":"Storage Acccount Type"
      }
    },
    "storageAccountResourceGroup": {
      "type":"string",
      "defaultValue":"",
      "metadata":{
        "description":"Storage Acccount Resource Group"
      }
    },
    "storageAccountNewOrExisting": {
      "type":"string",
      "metadata":{
        "description":"Storage Acccount New or Existing"
      }
    },
    "templateBaseUrl": {
      "type": "string",
      "metadata": {
        "artifactsBaseUrl": "",
        "description": "URL to acquire other templates"
      },
      "defaultValue": "https://raw.githubusercontent.com/kenazk/kenaztemplates/master/puppetenterprise"
    }
  },
  "variables": {
    "storageAccountSetupUrl":"[concat(parameters('templateBaseUrl'),'/storage-',parameters('storageAccountNewOrExisting'),'.json')]",
    "publicIpAddressSetupUrl":"[concat(parameters('templateBaseUrl'),'/publicip-',parameters('publicIPAddressNewOrExisting'),'.json')]",
    "vnetSetupUrl":"[concat(parameters('templateBaseUrl'),'/vnet-',parameters('virtualNetworkNewOrExisting'),'.json')]",
    "vmSetupUrl":"[concat(parameters('templateBaseUrl'),'/compute-',parameters('authenticationType'),'.json')]",
    "networkSecurityGroupSetupUrl":"[concat(parameters('templateBaseUrl'),'/networkSecurityGroup.json')]"
  },
  "resources": [
    {
      "name": "SettingUpStorageAccount",
      "type": "Microsoft.Resources/deployments",
      "apiVersion": "2015-01-01",
      "properties": {
        "mode": "Incremental",
        "templateLink": {
          "uri": "[variables('storageAccountSetupURL')]",
          "contentVersion": "1.0.0.0"
        },
        "parameters": {
          "location": {
            "value": "[parameters('location')]"
          },
          "storageAccountType": {
            "value": "[parameters('storageAccountType')]"
          },
          "storageAccountName": {
            "value": "[parameters('storageAccountName')]"
          },
          "storageAccountResourceGroup": {
            "value": "[parameters('storageAccountResourceGroup')]"
          }
        }
      }
    },
    {
      "name": "SettingUpPublicIPs",
      "type": "Microsoft.Resources/deployments",
      "apiVersion": "2015-01-01",
      "properties": {
        "mode": "Incremental",
        "templateLink": {
          "uri": "[variables('publicIpAddressSetupUrl')]",
          "contentVersion": "1.0.0.0"
        },
        "parameters": {
          "location": {
            "value": "[parameters('location')]"
          },
          "publicIPAddressName": {
            "value": "[parameters('publicIPAddressName')]"
          },
          "publicIPAddressResourceGroup": {
            "value": "[parameters('publicIPAddressResourceGroup')]"
          },
          "publicIPAddressDomainNameLabel": {
            "value": "[parameters('publicIPAddressDomainNameLabel')]"
          }
        }
      }
    },
    {
      "name": "SettingUpNetworkSecurityGroup",
      "type": "Microsoft.Resources/deployments",
      "apiVersion": "2015-01-01",
      "properties": {
        "mode": "Incremental",
        "templateLink": {
          "uri": "[variables('networkSecurityGroupSetupUrl')]",
          "contentVersion": "1.0.0.0"
        },
        "parameters": {
          "location": {
            "value": "[parameters('location')]"
          }
        }
      }
    },
    {
      "name": "SettingUpVirtualNetwork",
      "type": "Microsoft.Resources/deployments",
      "apiVersion": "2015-01-01",
      "dependsOn": [
        "Microsoft.Resources/deployments/SettingUpNetworkSecurityGroup"
      ],
      "properties": {
        "mode": "Incremental",
        "templateLink": {
          "uri": "[variables('vnetSetupUrl')]",
          "contentVersion": "1.0.0.0"
        },
        "parameters": {
          "location": {
            "value": "[parameters('location')]"
          },
          "virtualNetworkName": {
            "value": "[parameters('virtualNetworkName')]"
          },
          "virtualNetworkAddressPrefix": {
            "value": "[parameters('virtualNetworkAddressPrefix')]"
          },
          "virtualNetworkSubnetName": {
            "value": "[parameters('virtualNetworkSubnetName')]"
          },
          "virtualNetworkSubnetAddressPrefix": {
            "value": "[parameters('virtualNetworkSubnetAddressPrefix')]"
          },
          "virtualNetworkResourceGroup": {
            "value": "[parameters('virtualNetworkResourceGroup')]"
          }
        }
      }
    },
    {
      "name": "ProvisioningPuppetEnterprise",
      "type": "Microsoft.Resources/deployments",
      "apiVersion": "2015-01-01",
      "dependsOn": [
        "Microsoft.Resources/deployments/SettingUpVirtualNetwork",
        "Microsoft.Resources/deployments/SettingUpStorageAccount",
        "Microsoft.Resources/deployments/SettingUpPublicIPs"
      ],
      "properties": {
        "mode": "Incremental",
        "templateLink": {
          "uri": "[variables('vmSetupUrl')]",
          "contentVersion": "1.0.0.0"
        },
        "parameters": {
          "location": {
            "value": "[parameters('location')]"
          },
          "publicIpAddressResourceId": {
            "value": "[resourceId(concat('Microsoft.Network/publicIPAddresses'), parameters('publicIPAddressName'))]"
          },
          "subnetRef": {
            "value": "[concat(resourceId('Microsoft.Network/virtualNetworks/', parameters('virtualNetworkName')), '/subnets/', parameters('virtualNetworkSubnetName'))]"
          },
          "puppetMasterVmName": {
            "value": "[parameters('puppetMasterVmName')]"
          },
          "vmSize": {
            "value": "[parameters('vmSize')]"
          },
          "adminUserName": {
            "value": "[parameters('adminUserName')]"
          },
          "adminPassword": {
            "value": "[parameters('adminPassword')]"
          },
          "consolePassword": {
            "value": "[parameters('consolePassword')]"
          },
          "sshPublicKey": {
            "value": "[parameters('sshPublicKey')]"
          },
          "storageAccountName": {
            "value": "[parameters('storageAccountName')]"
          },
          "fqdn": {
            "value": "[concat(('https://', parameters('publicIPAddressDomainNameLabel'), '.', tolower(replace(parameters('location'), ' ', '')), '.cloudapp.azure.com')]"
          },
          "templateBaseUrl":{
            "value" : "[parameters('templateBaseUrl')]"
          }
        }
      }
    }
  ],
  "outputs" : {
    "Puppet Enterprise Console FQDN:": {
      "value": "[concat('https://',reference('SettingUpPublicIPs').outputs.fqdn.value)]",
      "type": "string"
    },
    "Puppet Enterprise Console Username:": {
      "value": "admin",
      "type": "string"
    },
  }
}
