{
  "$schema": "https://schema.management.azure.com/schemas/2015-01-01/deploymentTemplate.json#",
  "contentVersion": "1.0.0.0",
  "parameters": {
    "location": {
      "type": "string"
    }
  },
  "resources": [
    {
      "apiVersion": "2016-03-30",
      "type": "Microsoft.Network/networkSecurityGroups",
      "name": "puppetNetworkSecurityGroup",
      "location": "[parameters('location')]",
      "properties": {
        "securityRules": [
          {
            "name": "puppet",
            "properties": {
              "protocol": "Tcp",
              "sourcePortRange": "*",
              "destinationPortRange": "8140",
              "sourceAddressPrefix": "*",
              "destinationAddressPrefix": "*",
              "access": "Allow",
              "priority": 100,
              "direction": "Inbound"
            }
          },
          {
	          "name": "ssh",
            "properties": {
              "description": "Allow SSH",
              "protocol": "tcp",
              "sourcePortRange": "*",
              "destinationPortRange": "22",
              "sourceAddressPrefix": "*",
              "destinationAddressPrefix": "*",
              "access": "Allow",
              "priority": 201,
              "direction": "Inbound"
            }
          },
          {
            "name": "MCollective",
            "properties": {
              "description": "MCollective",
              "protocol": "tcp",
              "sourcePortRange": "*",
              "destinationPortRange": "61613",
              "sourceAddressPrefix": "*",
              "destinationAddressPrefix": "*",
              "access": "Allow",
              "priority": 102,
              "direction": "Inbound"
            }
          },
          {
            "name": "https",
            "properties": {
              "description": "MCollective",
              "protocol": "tcp",
              "sourcePortRange": "*",
              "destinationPortRange": "443",
              "sourceAddressPrefix": "*",
              "destinationAddressPrefix": "*",
              "access": "Allow",
              "priority": 103,
              "direction": "Inbound"
            }
          },
          {
            "name": "orchestrator",
            "properties": {
              "protocol": "Tcp",
              "sourcePortRange": "*",
              "destinationPortRange": "8142",
              "sourceAddressPrefix": "*",
              "destinationAddressPrefix": "*",
              "access": "Allow",
              "priority": 104,
              "direction": "Inbound"
            }
          }
        ]
      }
    }
  ],
  "outputs": {
    "networkSecurityGroupId": {
      "value": "[resourceId('Microsoft.Network/networkSecurityGroups','puppetNetworkSecurityGroup')]",
      "type": "string"
    }
  }
}
